,ebv,g-r,g_s-g,i-z,i_s-i,logg,r-i,r_s-r,sdss:g,sdss:i,sdss:r,sdss:u,sdss:z,teff,u-g,u_s-u,ucam:ntt:g_s,ucam:ntt:i_s,ucam:ntt:r_s,ucam:ntt:u_s,ucam:ntt:z_s,z_s-z
0,0.0,1.2869690066315584,-0.0513930395774409,0.3147237935042142,-0.04457767614730557,4.721626050836561,0.5555791731205062,-0.041725629866448344,-35.04897219507693,-36.89152037482899,-36.335941201708486,-31.8027408907963,-37.20624416833321,4028.4310731237765,3.2462313042806272,-0.11426856222842474,-35.10036523465437,-36.9360980509763,-36.377666831574935,-31.917009453024725,-37.40219978640569,-0.19595561807248174
1,0.0,1.302418849072339,-0.049703864075517856,0.30917141435327977,-0.0450708774874613,4.716533675785392,0.5401592871382093,-0.03485530902464262,-35.13516858499164,-36.97774672120219,-36.43758743406398,-32.04624181908339,-37.28691813555547,4061.4161176742314,3.0889267659082478,-0.09906283430686358,-35.18487244906716,-37.02281759868965,-36.47244274308862,-32.145304653390255,-37.4746593611238,-0.18774122556833106
2,0.0,1.3164623672845934,-0.048359752070787465,0.3041474445977954,-0.04545666363085843,4.711577459801249,0.5267780143501852,-0.029054444094306575,-35.21502022971535,-37.05826061135013,-36.53148259699994,-32.24611474426319,-37.362408055947924,4094.606301689061,2.9689054854521615,-0.08894877330422446,-35.26337998178614,-37.10371727498099,-36.56053704109425,-32.33506351756741,-37.54287011057933,-0.18046205463140552
3,0.0,1.281834013847643,-0.04723312355439191,0.2928818683054004,-0.04127106455065643,4.7067710264694425,0.4918123452175607,-0.031260555196205075,-35.29726448476828,-37.07091084383348,-36.57909849861592,-32.28377517676887,-37.36379271213888,4126.878184734008,3.013489307999407,-0.09809134685181675,-35.34449760832267,-37.11218190838414,-36.610359053812125,-32.38186652362069,-37.542887233470395,-0.17909452133151404
4,0.0,1.242239942559067,-0.04620283510634948,0.2804459664038532,-0.03629826876298381,4.702104239312859,0.4547876346019777,-0.03459859384948771,-35.37446402239925,-37.0714915995603,-36.61670396495832,-32.29518913500116,-37.35193756596415,4158.284749012057,3.0792748873980926,-0.10979941542572647,-35.4206668575056,-37.10778986832328,-36.65130255880781,-32.404988550426886,-37.530757118423,-0.1788195524588474
5,0.0,1.2026234709148795,-0.04514514018858051,0.26666620756491,-0.03085118144984733,4.697048540553966,0.4161055280706947,-0.037977961377492875,-35.453963171063016,-37.07269217004859,-36.656586641977896,-32.3095423512391,-37.3393583776135,4192.586996482393,3.144420819823914,-0.1219187956625376,-35.4991083112516,-37.10354335149844,-36.69456460335539,-32.43146114690164,-37.517922230422485,-0.1785638528089848
6,0.0,1.1992187064140865,-0.04461313821134638,0.2564875985764914,-0.02992411819130325,4.692071242442459,0.4071996204631887,-0.03654611322331647,-35.52942748422619,-37.135845811103465,-36.728646190640276,-32.44849539104621,-37.392333409679956,4226.487994777504,3.0809320931799817,-0.1092104650283261,-35.574040622437536,-37.16576992929477,-36.76519230386359,-32.557705856074534,-37.56563785307153,-0.17330444339157225
7,0.0,1.2054780319039722,-0.04430208012502135,0.2485551124669101,-0.030249165274490508,4.687244967383557,0.40656159680892756,-0.034145897381513635,-35.598200728099464,-37.21024035681236,-36.803678760003436,-32.597882712643745,-37.45879546927927,4259.450291850484,3.0003180154557185,-0.09401939593568898,-35.642502808224485,-37.240489522086854,-36.83782465738495,-32.691902108579434,-37.626181932928716,-0.16738646364944287
8,0.0,1.2119147968582098,-0.044067592606765515,0.24174154556763483,-0.030575177262889497,4.682559400195953,0.40623355006415096,-0.03203369598757888,-35.660882609757785,-37.279030956680145,-36.872797406615994,-32.72711078465051,-37.52077250224778,4291.529156319721,2.9337718251072715,-0.0820691021454465,-35.70495020236455,-37.309606133943035,-36.90483110260357,-32.80917988679596,-37.682926554460195,-0.16215405221241497
9,0.0,1.1996254926820313,-0.04287501268505167,0.23044583981580757,-0.029137157502674427,4.677427393551559,0.3923458397986863,-0.03133412444407213,-35.733023153040776,-37.32499448552149,-36.93264864572281,-32.79706461045373,-37.5554403253373,4327.134487478447,2.935958542587045,-0.07846836457952122,-35.77589816572583,-37.35413164302417,-36.96398277016688,-32.87553297503325,-37.71557169837516,-0.1601313730378564
10,0.0,1.1829179995015267,-0.04168300906190581,0.21855295523410234,-0.027191548392409004,4.672420054528885,0.37521760150305283,-0.031236149479802577,-35.80027472886948,-37.35841032987406,-36.98319272837101,-32.83954263665919,-37.576963285108164,4362.034082284896,2.960732092210293,-0.07839960103112986,-35.84195773793139,-37.38560187826647,-37.01442887785081,-32.91794223769032,-37.73624192546893,-0.15927864036076755
11,0.0,1.1678766370993259,-0.04077145518801473,0.20742300433254002,-0.025306459355853406,4.667570634172561,0.35914837830073765,-0.03125988913562594,-35.8608276900058,-37.38785270540586,-37.028704327105125,-32.87452569930097,-37.5952757097384,4395.954462966268,2.986301990704831,-0.07926551332718645,-35.90159914519381,-37.413159164761716,-37.05996421624075,-32.953791212628154,-37.75379466798805,-0.15851895824965112
12,0.0,1.0982060667521054,-0.038997873915242565,0.20249565628239452,-0.023671053206854253,4.662868306616484,0.34263649644186955,-0.030488178981890712,-35.980883405957094,-37.42172596915107,-37.0790894727092,-33.14601126910106,-37.624221625433464,4428.954142730374,2.834872136856035,-0.08028896017469123,-36.01988127987234,-37.44539702235792,-37.10957765169109,-33.22630022927575,-37.78017821398722,-0.1559565885537566
13,0.0,1.0075620229618067,-0.03690079405672719,0.1972290544050992,-0.021624816078656295,4.658108365780105,0.3215312135967707,-0.02928133607662886,-36.14065881661966,-37.46975205317824,-37.14822083958147,-33.47300772756647,-37.66698110758334,4475.324263388353,2.6676510890531944,-0.08091681536124895,-36.17755961067639,-37.4913768692569,-37.1775021756581,-33.55392454292772,-37.819251213179726,-0.15227010559638643
14,0.0,0.9807744889382519,-0.036376029149387534,0.19083037111875,-0.020893848538385384,4.6535904156015295,0.31103649949827883,-0.028976016584195463,-36.221559790642566,-37.5133707790791,-37.20233427958082,-33.58566860873988,-37.70420115019785,4524.288876538912,2.635891181902686,-0.0812089232409221,-36.25793581979195,-37.53426462761748,-37.23131029616501,-33.6668775319808,-37.85189537211416,-0.14769422191631065
15,0.0,1.0070466577683774,-0.03700481402183442,0.1839038830844757,-0.021443769446506167,4.649264377528807,0.31044038074464453,-0.029562907967715546,-36.23022102130698,-37.54770805982,-37.23726767907536,-33.52662129055461,-37.73161194290448,4571.70482936621,2.703599730752373,-0.0813086880245919,-36.267225835328816,-37.56915182926651,-37.266830587043074,-33.6079299785792,-37.874118539443884,-0.14250659653940545
16,0.0,1.0050168829208204,-0.03760806620253021,0.17684963842381762,-0.020734322752538503,4.645099473018823,0.30078727207434497,-0.028946891956195486,-36.286539108602426,-37.59234326359759,-37.291555991523246,-33.589638580316304,-37.76919290202141,4617.864709706665,2.696900528286122,-0.07372498078491674,-36.324147174804956,-37.61307758635013,-37.32050288347944,-33.66336356110122,-37.90797510246921,-0.13878220044779965
17,0.0,0.9645533156561328,-0.038247544909822295,0.16822169710411572,-0.017996949708091847,4.640686072832983,0.2775849281198859,-0.02652185121565509,-36.42059859859651,-37.66273684237253,-37.385151914252646,-33.83311602769153,-37.83095853947665,4667.700252167613,2.5874825709049816,-0.057079064612580055,-36.458846143506335,-37.68073379208062,-37.4116737654683,-33.89019509230411,-37.967948178144454,-0.13698963866780645
18,0.0,0.9190522652401327,-0.03750404021176479,0.1592109788541265,-0.016267074101477874,4.636295685019414,0.2630064620958237,-0.02470540823936318,-36.54411183785489,-37.72617056519085,-37.463164103095025,-34.09145954542484,-37.885381544044975,4717.986797149568,2.4526522924300522,-0.0629256127612905,-36.58161587806666,-37.742437639292326,-37.48786951133439,-34.15438515818613,-38.01993314401931,-0.13455159997433697
19,0.0,0.8612465140524819,-0.034961427347404594,0.14978033710637817,-0.016022357482434302,4.63208651169753,0.2593681192861581,-0.023579363479520055,-36.65257796124619,-37.77319259458483,-37.51382447529867,-34.37092270484007,-37.922972931691206,4766.724579405746,2.2816552564061183,-0.08967742827847047,-36.68753938859359,-37.78921495206726,-37.53740383877819,-34.46060013311854,-38.05382698697129,-0.1308540552800821
20,0.0,0.8134342277546978,-0.03184882754853646,0.1411587772759475,-0.01560970649206439,4.628043688331648,0.25143779633665986,-0.02256096533049856,-36.76283244224132,-37.827704466332676,-37.576266669996016,-34.56539495810934,-37.968863243608624,4814.03070357739,2.1974374841319815,-0.09829562404234338,-36.794681269789855,-37.84331417282474,-37.598827635326515,-34.66369058215168,-38.096631371746746,-0.127768128138122
21,0.0,0.7757930165795628,-0.02700840287883466,0.1327910261059202,-0.014783283902978894,4.623927155312174,0.23429373656652785,-0.02174478055366791,-36.897173653208846,-37.907260406354936,-37.67296666978841,-34.68086799620343,-38.04005143246086,4862.902713431547,2.216305657005414,-0.08720040223051484,-36.92418205608768,-37.922043690257915,-37.694711450342076,-34.76806839843395,-38.165597217855826,-0.1255457853949693
22,0.0,0.7508104184343409,-0.025436292442059028,0.12689114081005215,-0.014371356051753992,4.619620980760366,0.22158714909787136,-0.02123133800994026,-36.99765031129092,-37.97004787882313,-37.74846072972526,-34.81899207998944,-38.09693901963318,4914.899272888631,2.178658231301476,-0.08480206999543327,-37.02308660373298,-37.984419234874885,-37.7696920677352,-34.903794149984876,-38.21968256119004,-0.12274354155685785
23,0.0,0.747863058260613,-0.03020163708551138,0.1258207887681877,-0.014793982704290443,4.615490284328205,0.21672793348279384,-0.02116660415580185,-37.02857921744255,-37.993170209185955,-37.77644227570316,-35.000131182523546,-38.11899099795414,4965.314236698986,2.028448034919002,-0.09634860848726134,-37.05878085452806,-38.007964191890245,-37.79760887985896,-35.09647979101081,-38.23750700505622,-0.11851600710208032
24,0.0,0.7455903884683082,-0.03207516119327636,0.12023630284144815,-0.014257349331778357,4.611520798018801,0.21002900830542615,-0.020613340343800246,-37.07759876929731,-38.033218166071045,-37.82318915776562,-35.129225130323306,-38.15345446891249,5014.2658270321845,1.9483736389740045,-0.09335365523276096,-37.10967393049059,-38.04747551540282,-37.84380249810942,-35.22257878555607,-38.268510704742354,-0.11505623582986146
25,0.0,0.7447894892231943,-0.028186057617496374,0.10519163617794192,-0.011795301841921457,4.607699945127035,0.19994223439800152,-0.01911178786757972,-37.16384507372399,-38.10857679734519,-37.908634562947185,-35.18617435564262,-38.21376843352313,5061.859115298211,1.9776707180813702,-0.06523257255835802,-37.19203113134149,-38.12037209918711,-37.927746350814765,-35.25140692820098,-38.32680635779771,-0.11303792427457893
26,0.0,0.7257661830410314,-0.026068681491942414,0.091631046393573,-0.00992447696785348,4.6035649119398805,0.19162770024079379,-0.01776548092839647,-37.257220225578706,-38.17461410886053,-37.98298640861974,-35.286853085327664,-38.266245155254104,5114.2071410342705,1.9703671402510423,-0.05285448374844748,-37.28328890707065,-38.184538585828385,-38.000751889548134,-35.33970756907611,-38.37697264333016,-0.11072748807605848
27,0.0,0.6602753617176589,-0.028068199138985506,0.08199390211444069,-0.00948395343009878,4.599474459706889,0.18707242153378445,-0.016707573642015916,-37.36158789678393,-38.208935680035374,-38.02186325850159,-35.48569031402006,-38.290929582149815,5166.605588956588,1.8758975827638693,-0.07885085832975847,-37.389656095922916,-38.21841963346547,-38.038570832143606,-35.56454117234982,-38.39867164460772,-0.10774206245790197
28,0.0,0.63187368207101,-0.028644378093950706,0.07695849805266164,-0.00948881443346039,4.595541998974125,0.18093197832357788,-0.015805045260847805,-37.41656461285919,-38.22937027325378,-38.0484382949302,-35.562323367889505,-38.30632877130644,5217.492058867277,1.8542412449696855,-0.09609829837360451,-37.44520899095314,-38.23885908768724,-38.06424334019105,-35.65842166626311,-38.411074508694846,-0.10474573738840576
29,0.0,0.659629235562349,-0.027100347351947107,0.07969907352349281,-0.010298061270617609,4.591755264532928,0.17092517722760192,-0.015062867312884975,-37.39746140353094,-38.22801581632089,-38.05709063909329,-35.458662549798966,-38.307714889844384,5266.974086117566,1.9387988537319742,-0.11076827988928528,-37.42456175088289,-38.23831387759151,-38.072153506406174,-35.56943082968825,-38.40919000040608,-0.10147511056169378
30,0.0,0.6615006097707763,-0.026359110041013878,0.07636259816094793,-0.010248505521268214,4.588100255578696,0.1632469077358607,-0.014445163272263528,-37.43504430289389,-38.25979182040053,-38.09654491266467,-35.46911582351074,-38.33615441856148,5315.191668044569,1.9659284793831517,-0.10550000806703963,-37.46140341293491,-38.2700403259218,-38.11099007593693,-35.57461583157778,-38.43491136400582,-0.0987569454443431
31,0.0,0.6114462615190348,-0.02736943805152947,0.0603418946210752,-0.008460790685575148,4.583585671193459,0.16068730128564113,-0.014054900156132533,-37.5886255145212,-38.36075907732587,-38.20007177604023,-35.71507054420527,-38.42110097194695,5366.416158813007,1.8735549703159293,-0.06422929306202008,-37.61599495257273,-38.36921986801145,-38.214126676196365,-35.77929983726729,-38.518223419636136,-0.09712244768918765
32,0.0,0.580185254995321,-0.027608521581015566,0.05068034073856609,-0.00738245571784546,4.577764690037575,0.15871117359095166,-0.01383946058169272,-37.68471387009128,-38.42361029867755,-38.2648991250866,-35.86950263532466,-38.47429063941612,5406.601382579135,1.8152112347666218,-0.048386766577884543,-37.712322391672295,-38.4309927543954,-38.27873858566829,-35.91788940190254,-38.57027288194848,-0.09598224253236509
33,0.0,0.5624706830971462,-0.02580806645935496,0.04867839296313292,-0.006925450741420036,4.572164715697319,0.1547483575096109,-0.013972278823516149,-37.719270149674976,-38.43648919028173,-38.28174083277212,-35.980984906132846,-38.485167583244866,5445.45121349012,1.7382852435421299,-0.06654666662819864,-37.74507821613433,-38.44341464102315,-38.29571311159564,-36.047531572761045,-38.58001191788525,-0.09484433464038489
34,0.0,0.5465921105521119,-0.024171051455773807,0.04682080000971922,-0.006476967785374654,4.566768357419289,0.15086497632377416,-0.014110648278744975,-37.752508673811064,-38.44996576068695,-38.299100784363176,-36.0829603569927,-38.49678656069667,5483.061164732847,1.6695483168183642,-0.08065896946683893,-37.77667972526684,-38.456442728472325,-38.31321143264192,-36.16361932645954,-38.59055031952104,-0.09376375882437316
35,0.0,0.5421757541884986,-0.023507592345175965,0.04609154129602899,-0.00609402595692643,4.561532674666033,0.14383120118053228,-0.013245280591100084,-37.75014878880293,-38.43615574417196,-38.29232454299143,-36.065163947420025,-38.48224728546799,5519.712115713768,1.6849848413829065,-0.08893171779556752,-37.77365638114811,-38.44224977012889,-38.30556982358253,-36.15409566521559,-38.574487945433816,-0.09224065996582453
36,0.0,0.5479820792142078,-0.023607407721037532,0.04646181239839109,-0.005695895849278543,4.555667480415672,0.13209918544914956,-0.011178143515735428,-37.70971496310881,-38.389796227772166,-38.25769704232302,-35.912427509969994,-38.43625804017056,5561.041052035265,1.7972874531388143,-0.09637398573092781,-37.733322370829846,-38.395492123621445,-38.26887518583875,-36.00880149570092,-38.52615868515685,-0.0899006449862938
37,0.0,0.5530573472904834,-0.023718775979538975,0.046791409428685427,-0.005290413774666547,4.550003956610644,0.12015791487421268,-0.009086528709559616,-37.67057406259484,-38.343789324759534,-38.22363140988532,-35.745103009148814,-38.39058073418822,5601.134241808686,1.9254710534460244,-0.10503266853606164,-37.69429283857438,-38.3490797385342,-38.23271793859488,-35.850135677684875,-38.478026917860845,-0.08744618367262547
38,0.0,0.502014216274624,-0.023648118937316553,0.03745639388838384,-0.005393673941945565,4.544546599443834,0.12422794890011346,-0.010002003197932652,-37.82097018608218,-38.447212351256915,-38.3229844023568,-36.14200654480062,-38.4846687451453,5639.933284376499,1.6789636412815554,-0.07360911124838054,-37.844618305019495,-38.45260602519886,-38.332986405554735,-36.215615656049,-38.571422697158454,-0.08675395201315439
39,0.0,0.4555278741243072,-0.023553089646078718,0.028643675328048346,-0.005499483279550077,4.537722532949512,0.1282137714129945,-0.010883876072121268,-37.970881784803915,-38.554623430341216,-38.42640965892822,-36.46764073061169,-38.583267105669265,5683.523432712695,1.5032410541922232,-0.05437687294285354,-37.99443487444999,-38.560122913620766,-38.43729353500034,-36.522017603554545,-38.66938817652967,-0.08612107086040766
40,0.0,0.4386060296904901,-0.021852305704612718,0.03028449095376118,-0.005015747943247106,4.528855594662399,0.12152858272109768,-0.010564616868720123,-37.92919054682761,-38.4893251592392,-38.3677965765181,-36.37439923565709,-38.51960965019296,5734.811644927744,1.5547913111705256,-0.06489484501442178,-37.951042852532225,-38.49434090718245,-38.37836119338682,-36.43929408067151,-38.60371372665616,-0.0841040764631984
41,0.0,0.4366881964754654,-0.019946635652615896,0.03590062628875046,-0.004408482637956013,4.522651875233878,0.11182981246943768,-0.009821976858020776,-37.82620428582257,-38.37472229476747,-38.262892482298035,-36.13889990539605,-38.41062292105622,5768.639834036402,1.687304380426518,-0.08761027283079414,-37.846150921475186,-38.37913077740543,-38.272714459156056,-36.226510178226846,-38.492566729832895,-0.08194380877667129
42,0.0,0.435052978489729,-0.017895845663176146,0.041255586162847635,-0.003671621737986186,4.5164512048031,0.10051739898639767,-0.009047105942876499,-37.733709244187075,-38.2692796216632,-38.168762222676804,-35.89361845148781,-38.31053520782605,5802.452197261415,1.8400907926992645,-0.11770951265257423,-37.75160508985025,-38.27295124340119,-38.17780932861968,-36.011327964140385,-38.38989145406117,-0.07935624623512183
43,0.0,0.43962026076187044,-0.01849571605276168,0.03017408015549705,-0.0032586539808008297,4.511747568132347,0.10034126934657905,-0.009777231527699826,-37.87860875003277,-38.41857028014122,-38.31822901079464,-36.19496442907353,-38.448744360296715,5827.099472809161,1.6836443209592389,-0.09078714280666844,-37.89710446608553,-38.42182893412202,-38.32800624232234,-36.2857515718802,-38.52730146958743,-0.07855710929071336
44,0.0,0.443184755911183,-0.01889324657124547,0.022142253679206192,-0.0029599391501164973,4.507455198156729,0.10034847967350657,-0.010316089035256937,-37.99698816292746,-38.54052139851215,-38.44017291883864,-36.4135474680864,-38.562663652191354,5849.610279109918,1.5834406948410589,-0.07511988725597973,-38.015881409498704,-38.543481337662264,-38.4504890078739,-36.48866735534238,-38.640649440815636,-0.07798578862428229
45,0.0,0.44697198783071457,-0.019240026551877065,0.014283383647423875,-0.0026676034717283414,4.502104569720419,0.10050645853404205,-0.010856348233197366,-38.12679257997394,-38.674271026338694,-38.57376456780465,-36.632754957330725,-38.68855440998612,5877.01445470439,1.4940376226432122,-0.062081767210720784,-38.146032606525814,-38.67693862981042,-38.58462091603785,-36.694836724541446,-38.76599136302788,-0.07743695304176157
46,0.0,0.44020275432834666,-0.01941079577213145,0.008057166184478604,-0.002172870544271177,4.4957422822993935,0.09867106674121118,-0.010944895413388167,-38.236707606790866,-38.77558142786042,-38.67691036111921,-36.801406076835406,-38.7836385940449,5908.490992941211,1.43530152995546,-0.05295983325212461,-38.256118402563,-38.777754298404695,-38.6878552565326,-36.85436591008753,-38.86068714990873,-0.07704855586382564
47,0.0,0.4087577307079613,-0.01926850551414816,0.004997817786481562,-0.001148686108464858,4.489525874516265,0.09129261309445269,-0.009947622564475012,-38.27477104290738,-38.774821386709796,-38.68352877361534,-36.85102846209072,-38.77981920449628,5938.95111110515,1.4237425808166648,-0.048085023621176504,-38.29403954842153,-38.77597007281826,-38.69347639617982,-36.899113485711894,-38.856715444513746,-0.07689624001746864
48,0.0,0.3777735937551441,-0.019153962419949266,0.0018524411528915152,-8.074528604140596e-05,4.482813368971281,0.08337756212458913,-0.008889845207214364,-38.31254375666973,-38.773694912549466,-38.69031735042488,-36.89990465516379,-38.77554735370236,5971.063458448433,1.4126391015059454,-0.04367082314398374,-38.33169771908968,-38.77377565783551,-38.69920719563209,-36.94357547830777,-38.85226021305035,-0.07671285934799243
49,0.0,0.3502928054781691,-0.01896227470076184,-0.0012857351885386947,0.0008867091248845327,4.475780740440361,0.07506101655708619,-0.007770580424391937,-38.35016534564859,-38.775519167683846,-38.70045815112676,-36.947536978604845,-38.77423343249531,6004.848644694909,1.4026283670437465,-0.041067810980877084,-38.36912762034935,-38.77463245855896,-38.70822873155115,-36.98860478958572,-38.85062774845964,-0.076394315964329
50,0.0,0.34184123328061133,-0.01822966890874511,-0.0037951381351462032,0.0009825289373068813,4.469159646725341,0.06842076344292991,-0.006765975721087614,-38.386206569863596,-38.79646856658714,-38.72804780314421,-36.989934655245605,-38.79267342845199,6036.749374933823,1.3962719146179907,-0.04621925824159234,-38.40443623877234,-38.79548603764983,-38.734813778865295,-37.0361539134872,-38.86821193758952,-0.07553850913753024
51,0.0,0.3312093849626194,-0.01734700814877499,-0.007333215218842781,0.0011011605776758415,4.460228364533,0.060478517494928496,-0.005564066031539028,-38.43429303364231,-38.82598093609986,-38.76550241860493,-37.05019193235942,-38.81864772088102,6079.3493365998675,1.3841011012828943,-0.052290088981322924,-38.45164004179109,-38.824879775522184,-38.77106648463647,-37.10248202134074,-38.89308711900382,-0.07443939812280576
52,0.0,0.3192901624266469,-0.017639238569174154,-0.00959181826441835,0.0013376823167590146,4.451368916452163,0.05544595324775514,-0.005217436247455964,-38.47107712141939,-38.84581323709379,-38.79036728384604,-37.08286956700939,-38.836221418829375,6121.2543803772805,1.3882075544100019,-0.0523964598164568,-38.488716359988565,-38.844475554777034,-38.795584720093494,-37.135266026825846,-38.90950853711592,-0.07328711828654377
53,0.0,0.3106339284830497,-0.01841906523954151,-0.009928251171018587,0.0015584574530791429,4.445786077735866,0.05334735985718453,-0.0054136947063128105,-38.48517696882815,-38.849158257168384,-38.7958108973112,-37.082192656482725,-38.839230005997365,6147.401104440219,1.4029843123454242,-0.04941675135290069,-38.50359603406769,-38.847599799715304,-38.80122459201751,-37.131609407835626,-38.91173181898329,-0.0725018129859265
54,0.0,0.3011428991007108,-0.019199349325738524,-0.009988875696642197,0.0017952343717837493,4.439739308582559,0.050815468127865415,-0.005596377130544283,-38.49747690603833,-38.849435273266906,-38.79861980513904,-37.077285168511395,-38.83944639757026,6175.8084370941215,1.4201917375269346,-0.046280359103192836,-38.51667625536407,-38.84764003889512,-38.804216182269585,-37.12356552761459,-38.91108857546871,-0.07164217789844685
55,0.0,0.2908661126869916,-0.01954852589697964,-0.006296135677210657,0.0020200107401606715,4.432278765298551,0.04353698301959952,-0.005226940649521339,-38.48693545110749,-38.82133854681408,-38.77780156379448,-37.02331646526511,-38.81504241113687,6210.709901292657,1.4636189858423805,-0.048437188234082384,-38.50648397700447,-38.81931853607392,-38.783028504444005,-37.071753653499194,-38.88557853170881,-0.07053612057193703
56,0.0,0.2825520311359284,-0.01852192368872352,0.0074247331398566985,0.0021229808227545277,4.424043973106783,0.02423774049690053,-0.0032761649593524567,-38.4191330474192,-38.72592281905203,-38.70168507855513,-36.841843536401534,-38.73334755219189,6249.52698302539,1.5772895110176677,-0.06886269672308032,-38.437654971107925,-38.723799838229276,-38.70496124351448,-36.910706233124614,-38.802451491642984,-0.06910393945109661
57,0.0,0.2726182896364264,-0.01737378952904578,0.023327810671247562,0.002257715952111994,4.415766460675817,0.0017836848076626666,-0.0010528392365571904,-38.34957609617799,-38.62397807062208,-38.62219438581442,-36.62957572697534,-38.64730588129333,6289.002455089091,1.7200003692026513,-0.0966717244037838,-38.36694988570704,-38.62172035466997,-38.623247225050974,-36.72624745137912,-38.71474161417724,-0.06743573288391502
58,0.0,0.28251697697149325,-0.0175311549148347,-0.009713993817570099,0.0023711875289649242,4.403724782525044,0.022278336629582896,-0.0034261813261622365,-38.53563986756465,-38.840435181165724,-38.81815684453614,-37.133568849217276,-38.83072118734815,6347.191603021815,1.402071018347371,-0.044787235756643895,-38.55317102247948,-38.83806399363676,-38.8215830258623,-37.17835608497392,-38.896109067360484,-0.06538788001233087
59,0.0,0.26590655525870943,-0.01772526977494948,-0.028761534016894075,0.003258424739790655,4.388360798053596,0.0282080554039581,-0.004448953984031334,-38.749906066132695,-39.04402067679536,-39.015812621391404,-37.45340005638988,-39.01525914277847,6424.006728590513,1.2965060097428136,-0.02912981719873642,-38.767631335907645,-39.04076225205557,-39.020261575375436,-37.48252987358862,-39.07941140276056,-0.0641522599820945
60,0.0,0.22914847132179972,-0.017361531795870633,-0.014927610708966199,0.004458588315593204,4.381494708292909,0.007716523159004396,-0.0027235030602525967,-38.77667853206162,-39.01354352654242,-39.005827003383416,-37.31665786937725,-38.998615915833454,6459.262590883259,1.4600206626843644,-0.05147105211511871,-38.79404006385749,-39.00908493822683,-39.00855050644367,-37.36812892149237,-39.062541588771445,-0.0639256729379909
61,0.0,0.18596317945714702,-0.01827298952937184,-0.007638389757644859,0.006952501257678989,4.367884513522207,-0.01582994852891062,-0.0012233970297188534,-38.85975535899918,-39.02988858992742,-39.04571853845633,-37.20074853420685,-39.02225020016977,6531.661304066155,1.6590068247923284,-0.07335121281674617,-38.87802834852855,-39.02293608866974,-39.046941935486046,-37.2740997470236,-39.08599678165833,-0.06374658148855872
62,0.0,0.1791344074528496,-0.02034361836365406,-0.02124662573763203,0.008765875198534445,4.357520238697131,-0.016519332718068824,-0.001860780269588247,-38.95227889323385,-39.114893967968634,-39.1314133006867,-37.28777980411175,-39.093647342231,6590.386648184427,1.6644990891221028,-0.055323574415922394,-38.97262251159751,-39.1061280927701,-39.13327408095629,-37.34310337852767,-39.15760306716304,-0.06395572493203616
63,0.0,0.18376512971343573,-0.018789672229679866,-0.037863507261072016,0.008328343764304691,4.348728130773252,-0.012024068439487223,-0.0019761071185442347,-38.986452985776374,-39.15819404705032,-39.17021811548981,-37.479598010740936,-39.12033053978925,6642.671024870765,1.5068549750354379,-0.0453024798622792,-39.005242658006054,-39.14986570328602,-39.172194222608354,-37.524900490603216,-39.18310108212952,-0.06277054234026735
64,0.0,0.19086550226715104,-0.01662627351087309,-0.054365719259308776,0.007475154767114134,4.340565861655547,-0.006608330142761076,-0.002010952659070142,-39.00876769051698,-39.19302486264137,-39.199633192784134,-37.66233552514302,-39.138659143382064,6693.5479360867985,1.3464321653739617,-0.039804492193439955,-39.025393964027856,-39.18554970787426,-39.201644145443204,-37.70214001733646,-39.20000206362461,-0.06134292024254506
65,0.0,0.15731395954076532,-0.015146158301647006,-0.036944872840024345,0.007601119369383014,4.332766295947429,-0.02625659608955999,-0.0004375116543613444,-38.96986420208328,-39.100921565534485,-39.127178161624045,-37.598485391244104,-39.06397669269446,6744.6982451441445,1.3713788108391753,-0.05932010797668141,-38.985010360384926,-39.0933204461651,-39.127615673278406,-37.657805499220785,-39.12347806210404,-0.05950136940958117
66,0.0,0.11862921350184763,-0.013905748813805019,-0.014563147517968389,0.007938487481105483,4.326172561864277,-0.05008183767116492,0.001386255591754093,-38.929569946717024,-38.99811732254771,-39.04819916021887,-37.507336241346835,-38.98355417502974,6790.309015910426,1.4222337053701892,-0.08226298326994197,-38.94347569553083,-38.9901788350666,-39.04681290462712,-37.58959922461678,-39.0411683069407,-0.05761413191095954
67,0.0,0.12665754869090762,-0.014318369129298958,-0.03279760377527907,0.00856243994417838,4.320610902632748,-0.04480511826104561,0.0010320720147163343,-39.00694377446569,-39.08879620489555,-39.1336013231566,-37.635860385633464,-39.05599860112027,6830.496828446408,1.3710833888322256,-0.0664898120944315,-39.02126214359499,-39.08023376495137,-39.13256925114188,-37.702350197727895,-39.113445697280184,-0.05744709615991184
68,0.0,0.1465274729358157,-0.01514757330982519,-0.06109190056341873,0.009245937878134214,4.314623554895394,-0.03224392321407521,0.00012151963497331053,-39.12613254244189,-39.24041609216363,-39.2726600153777,-37.82823038314679,-39.17932419160021,6878.105698027845,1.2979021592950986,-0.042981429569785234,-39.14128011575171,-39.23117015428549,-39.27253849574273,-37.871211812716574,-39.23709509043044,-0.05777089883022768
69,0.0,0.13982044328196253,-0.015220105833783748,-0.07047859495386177,0.01058940309854961,4.308324732866081,-0.03575011974815823,0.0001293383950127236,-39.21531025667267,-39.31938058020648,-39.355130699954636,-37.89469179182194,-39.248901985252616,6933.0951671723915,1.3206184648507318,-0.03218300082350822,-39.23053036250646,-39.30879117710793,-39.35500136155962,-37.92687479264545,-39.306761339620685,-0.05785935436806966
70,0.0,0.1181182217869079,-0.014833823315484551,-0.06892900187769868,0.012326850968285896,4.302338365675806,-0.04867135645731224,0.000664092736805344,-39.280400515640146,-39.34984738096974,-39.398518737427054,-37.88051470771667,-39.28091837909204,6991.686780779088,1.399885807923475,-0.02718165473714862,-39.29523433895563,-39.337520530001456,-39.39785464469025,-37.90769636245382,-39.3386575055196,-0.05773912642755619
71,0.0,0.10878578561913343,-0.014748727426962205,-0.0731262086536475,0.012686799418240469,4.297857614310061,-0.053038699904554676,0.0009110423133051881,-39.31776644202466,-39.37351352773924,-39.426552227643796,-37.93563093748202,-39.300387319085594,7041.111287799136,1.3821355045426458,-0.028937606310748265,-39.332515169451625,-39.360826728321,-39.42564118533049,-37.964568543792765,-39.35736619093214,-0.05697887184654604
72,0.0,0.10087566627166211,-0.01471263670289602,-0.07782434688564166,0.012872510193531639,4.293901787640223,-0.05632857503545097,0.0011237460434116997,-39.35120900881004,-39.39575610004625,-39.4520846750817,-37.99720060358955,-39.31793175316061,7089.584855199233,1.3540084052204904,-0.03142103459928336,-39.365921645512934,-39.38288358985272,-39.45096092903829,-38.02862163818883,-39.374088162325485,-0.05615640916487763
73,0.0,0.09255262781169193,-0.014678671687882172,-0.08227958708985028,0.013093937059146299,4.290597345352294,-0.059862923778943866,0.0013460206847000222,-39.38559388544106,-39.41828358947381,-39.47814651325275,-38.05615904756304,-39.33600400238396,7140.00648588013,1.3294348378780185,-0.03358462789099548,-39.40027255712894,-39.40518965241466,-39.47680049256805,-38.08974367545404,-39.391352485474485,-0.0553484830905262
74,0.0,0.08149241150737652,-0.014608476548922056,-0.08691922695660281,0.013426919929436565,4.28752634929484,-0.06469441075692117,0.001651623170801031,-39.42812802289969,-39.44492602365015,-39.50962043440707,-38.121423456890625,-39.358006796693545,7202.581866963042,1.306704566009067,-0.035920789241430384,-39.442736499448614,-39.43149910372071,-39.50796881123627,-38.157344246132055,-39.4124470730778,-0.054440276384255526
75,0.0,0.05137115469592146,-0.013816207991787621,-0.0814846325571068,0.014628560495211218,4.285187495183744,-0.07909664103500802,0.0027284736458028647,-39.48635224833438,-39.45862676199529,-39.5377234030303,-38.13124993042965,-39.377142129438184,7266.643722155425,1.3551023179047306,-0.03991140484556155,-39.500168456326165,-39.44399820150008,-39.534994929384496,-38.17116133527521,-39.43161779751459,-0.05447566807640669
76,0.0,0.03418957611205542,-0.012399748409848144,-0.12324819180015822,0.01649038666661795,4.277124497924621,-0.09155402678137392,0.0036435336346940517,-39.66538143529137,-39.608016984622054,-39.69957101140343,-38.43197417191214,-39.484768792821896,7580.8539228905265,1.2334072633792346,-0.01932800022927239,-39.67778118370122,-39.591526597955436,-39.695927477768734,-38.45130217214141,-39.53587634733503,-0.05110755451313054
77,0.0,0.01333853749731162,-0.011211042739581956,-0.11535747373110183,0.016556092857022975,4.275216848628651,-0.10077363547990359,0.0042557261774831545,-39.634372477095795,-39.5469373791132,-39.647711014593106,-38.42404510008057,-39.4315799053821,7640.233137760158,1.2103273770152256,-0.0262560674726231,-39.64558351983538,-39.53038128625618,-39.64345528841562,-38.45030116755319,-39.48155326111087,-0.04997335572876693
78,0.0,-0.035136146210959396,-0.008900681035513003,-0.08858470708135968,0.016768769401721784,4.273396907170238,-0.12296567993769258,0.005729328803312228,-39.56254696591332,-39.40444513976467,-39.52741081970236,-38.362384740175365,-39.31586043268331,7710.756697066414,1.2001622257379552,-0.04380720226578916,-39.57144764694883,-39.387676370362946,-39.52168149089905,-38.406191942441154,-39.364164223420225,-0.048303790736916596
79,0.0,-0.09732305528411445,-0.006047132446546755,-0.05154130962197456,0.017040038368307364,4.270911918763533,-0.15374905587172805,0.0077249329326321,-39.476919966207106,-39.22584785505126,-39.37959691092299,-38.29118369309538,-39.17430654542929,7785.907814800765,1.1857362731117291,-0.06457676339618956,-39.48296709865365,-39.208807816682956,-39.37187197799036,-38.355760456491566,-39.22031362969418,-0.046007084264893194
80,0.0,-0.10683867883011544,-0.006137875938151183,-0.058670979426977965,0.0176907132688342,4.268732566205644,-0.15848045826278678,0.008073970490791282,-39.490823536122676,-39.225504399029774,-39.38398485729256,-38.31507772457277,-39.166833419602796,7845.007696502049,1.175745811549909,-0.06484673364874283,-39.49696141206083,-39.20781368576094,-39.37591088680177,-38.37992445822151,-39.21274126126751,-0.04590784166471451
81,0.0,-0.10194787927749616,-0.007022292169139632,-0.07897254533567377,0.018451820474858494,4.26580663490291,-0.15565200555528236,0.007954962748556227,-39.53202264634769,-39.27442276151491,-39.430074767070195,-38.36609631200972,-39.19545021617924,7909.06953050498,1.1659263343379749,-0.059788349529497964,-39.53904493851683,-39.255970941040054,-39.42211980432164,-38.425884661539214,-39.24189220884339,-0.04644199266414972
82,0.0,-0.09779625735895081,-0.007761767242627116,-0.09623183332256957,0.019082355227695302,4.262701511685274,-0.15327920941648188,0.007854779877717988,-39.56725657466958,-39.316181107894145,-39.46946031731063,-38.41059275582585,-39.219949274571576,7968.464062129826,1.1566638188437253,-0.05555947142427442,-39.575018341912205,-39.29709875266645,-39.46160553743291,-38.46615222725013,-39.26683813484672,-0.04688886027514627
83,0.0,-0.1022690246328466,-0.007807849097716257,-0.10382685754110099,0.019859853951203377,4.25977688253248,-0.1563483100687577,0.007996562611943148,-39.65397397885971,-39.395356644158106,-39.551704954226864,-38.489915523857235,-39.291529786617005,8027.340044253889,1.1640584550024755,-0.051649174652503405,-39.66178182795743,-39.3754967902069,-39.54370839161492,-38.54156469850974,-39.338415663968945,-0.04688587735194005
84,0.0,-0.11526784743576712,-0.0072051931974428385,-0.10214040139663894,0.020848924185450812,4.256906001968185,-0.16492479843276442,0.008380583158682953,-39.809542380569034,-39.5293497347005,-39.69427453313327,-38.61888774557062,-39.427209333303864,8094.5006460875775,1.1906546349984168,-0.047661204980599337,-39.81674757376648,-39.50850081051505,-39.685893949974584,-38.66654895055122,-39.4736861067454,-0.046476773441533226
85,0.0,-0.12540011694166964,-0.006773919725731048,-0.10133930399764068,0.021695450342747336,4.253611706188972,-0.17176508947397195,0.008683523793315828,-39.95533091823423,-39.65816571181859,-39.82993080129256,-38.74110747079315,-39.55682640782095,8165.019178415578,1.2142234474410785,-0.044044621497221215,-39.96210483795996,-39.63647026147584,-39.821247277499246,-38.785152092290375,-39.60303679372709,-0.0462103859061429
86,0.0,-0.12789237103859818,-0.006880595480630802,-0.10838562528220308,0.022130610787115756,4.249999322122787,-0.17332355263702226,0.008730487677475196,-40.04357931505458,-39.74236339137896,-39.91568694401598,-38.84162175056046,-39.633977766096756,8240.921363613495,1.2019575644941156,-0.04170248530499521,-40.05045991053521,-39.72023278059184,-39.906956456338506,-38.88332423586546,-39.6796396113465,-0.04566184524974659
87,0.0,-0.12585276263418166,-0.007231583770050065,-0.11790252887188046,0.022216497930095613,4.247988998256022,-0.171726539878172,0.008631287465341586,-40.07242582471668,-39.77484652220433,-39.9465730620825,-38.90069653487832,-39.65694399333245,8298.251957317018,1.1717292898383604,-0.040842740223489216,-40.07965740848673,-39.75263002427423,-39.93794177461716,-38.94153927510181,-39.70195659870596,-0.0450126053735147
88,0.0,-0.12318054186516036,-0.007698004114516266,-0.13057681824701461,0.02232038534047831,4.246126006315854,-0.16962046693445387,0.008499848850583192,-40.11202172238226,-39.819220713582645,-39.9888411805171,-38.98009925703735,-39.68864389533563,8380.122451527559,1.131922465344907,-0.039828534086474576,-40.119719726496776,-39.79690032824217,-39.980341331666516,-39.01992779112383,-39.732748987565756,-0.04410509223012582
89,0.0,-0.1209783162135949,-0.007764456295916489,-0.13507693774686658,0.022065263476335417,4.242710636913111,-0.16984487638698909,0.00846152752526308,-40.10734460040317,-39.81652140780258,-39.98636628418957,-39.01389361883493,-39.681444470055716,8447.314394584051,1.093450981568239,-0.03989684910816749,-40.11510905669908,-39.79445614432625,-39.97790475666431,-39.053790467943095,-39.72438698025874,-0.04294251020302653
90,0.0,-0.11973884360578779,-0.007698058406667485,-0.13654383065816234,0.021773409652787734,4.240635610165951,-0.17080768017859782,0.008463919206477044,-40.0927571894058,-39.802210665621416,-39.973018345800014,-39.029988129159726,-39.665666834963254,8498.125406643223,1.062769060246076,-0.040298221714344606,-40.10045524781247,-39.78043725596863,-39.96455442659354,-39.07028635087407,-39.707577085128044,-0.041910250164789886
91,0.0,-0.11816461352505314,-0.007610187898144716,-0.1388248262800218,0.021371342939282556,4.237182887795356,-0.17225334833317163,0.00846936429731926,-40.073284172445945,-39.78286621058772,-39.95511955892089,-39.05272890293039,-39.6440413843077,8570.023417632034,1.0205552695155546,-0.04079510733388503,-40.08089436034409,-39.76149486764844,-39.94665019462357,-39.093524010264275,-39.68447620742148,-0.040434823113784546
92,0.0,-0.11936473726665753,-0.007386524754018353,-0.14440557257868392,0.021298968780328664,4.233428155813272,-0.1733121002264184,0.00853697301385381,-40.060565069304864,-39.76788823181179,-39.94120033203821,-39.07631855557625,-39.623482659233105,8643.697950129783,0.984246513728614,-0.040167430529287174,-40.06795159405888,-39.74658926303146,-39.93266335902435,-39.11648598610554,-39.66315966236208,-0.03967700312897193
93,0.0,-0.12255136067449968,-0.007077847594004538,-0.1519323992141679,0.021460498775731196,4.229582509013775,-0.1741146282580246,0.008650033338959418,-40.053974812661885,-39.75730882372936,-39.931423451987385,-39.09927489678455,-39.60537642451519,8714.182974165038,0.9546999158773346,-0.03887235732182859,-40.06105266025589,-39.73584832495363,-39.922773418648426,-39.13814725410638,-39.64483282512942,-0.039456400614227505
94,0.0,-0.12591548033211097,-0.00679182628025643,-0.15905763884495627,0.021632060671727515,4.225465418696212,-0.17501259453105433,0.008765990961848047,-40.05016724025191,-39.749239165388744,-39.9242517599198,-39.120796545120214,-39.59018152654379,8779.190645142791,0.9293706951316949,-0.037683168178169524,-40.056959066532166,-39.727607104717016,-39.91548576895795,-39.158479713298384,-39.62944680308084,-0.03926527653705136
95,0.0,-0.14017774393281712,-0.0054403735564250155,-0.15023036069720064,0.021679115038153896,4.2217377810877394,-0.18071424251180446,0.00913846765689641,-40.049814880760046,-39.728922894315424,-39.90963713682723,-39.14519927826718,-39.578692533618224,8843.82601569048,0.9046156024928678,-0.04083752330694068,-40.05525525431647,-39.70724377927727,-39.90049866917033,-39.18603680157412,-39.61701084215737,-0.03831830853914653
96,0.0,-0.15981270268684256,-0.0034850911319850297,-0.13243063723301418,0.021597507655968684,4.217851916966163,-0.1890668977921024,0.00965208413644092,-40.04487588690639,-39.695996286427444,-39.88506318421955,-39.16927115218393,-39.56356564919443,8910.357848927719,0.875604734722458,-0.046133947761241245,-40.048360978038374,-39.674398778771476,-39.875411100083106,-39.21540509994517,-39.600427503815055,-0.03686185462062497
97,0.0,-0.18058835270561246,-0.0012704473470250832,-0.1116086222166075,0.021384259860560917,4.211977636894902,-0.1983693918180549,0.010219475331027184,-40.02931737972698,-39.650359635203316,-39.84872902702137,-39.191189175433884,-39.53875101298671,8981.812737598306,0.8381282042930991,-0.051820487385697334,-40.03058782707401,-39.628975375342755,-39.83850955169034,-39.24300966281958,-39.57383341579373,-0.035082402807020685
98,0.0,-0.18897124507884655,-0.0007065639938872437,-0.10568624404699989,0.02148405614151727,4.207243521636992,-0.20339992456234057,0.01051203302450432,-40.05072929345586,-39.65835812381467,-39.86175804837701,-39.230353545533035,-39.55267187976767,9041.24485058146,0.8203757479228244,-0.052732758982457995,-40.051435857449746,-39.636874067673155,-39.85124601535251,-39.28308630451549,-39.58667962704935,-0.034007747281677325
99,0.0,-0.19474807011365414,-0.0007929900796739275,-0.10544612568335765,0.021848238266201747,4.201549814361339,-0.20769489938849972,0.010752150894013823,-40.10125489985521,-39.69881193035306,-39.90650682974156,-39.28622556608611,-39.5933658046697,9107.915653196822,0.8150293337691039,-0.05184520112060653,-40.10204788993489,-39.67696369208686,-39.895754678847545,-39.338070767206716,-39.62658069172923,-0.03321488705952902
100,0.0,-0.2010663763849294,-0.0009102419550472973,-0.10533470487582264,0.02227111942760729,4.1971311817821215,-0.21191343839502252,0.010988742758762271,-40.15644040955321,-39.74346059477326,-39.95537403316828,-39.34051567787819,-39.63812588989744,9172.473417764464,0.8159247316750253,-0.05100462917902604,-40.15735065150826,-39.72118947534565,-39.94438529040952,-39.39152030705721,-39.67073490272187,-0.032609012824430295
101,0.0,-0.20667817720381976,-0.0019106139094731134,-0.1175078536214258,0.023179060137962892,4.192191684396483,-0.21413954189612383,0.01109182729535263,-40.23747804053628,-39.81666032143634,-40.03079986333246,-39.38822100335513,-39.69915246781491,9228.166811997766,0.8492570371811539,-0.048632578462324716,-40.239388654445754,-39.793481261298375,-40.01970803603711,-39.43685358181745,-39.73253132199842,-0.0333788541835105
102,0.0,-0.21161312077892802,-0.0038802548088270328,-0.1439556860813198,0.024632594757605375,4.185578066799442,-0.2146889027502823,0.011076057484217472,-40.35867534754121,-39.932373324012,-40.14706222676228,-39.443180418070064,-39.78841763793068,9296.233638894886,0.9154949294711443,-0.043928188643590715,-40.362555602350035,-39.90774072925439,-40.13598616927806,-39.487108606713655,-39.82393979237338,-0.03552215444270246
103,0.0,-0.214002301000896,-0.005096168912913868,-0.16092111932361064,0.02550019822273697,4.180445907504862,-0.2147588457396168,0.011050735324054983,-40.43591604063712,-40.007154893896605,-40.22191373963622,-39.47929609744208,-39.846233774572994,9345.078609509823,0.9566199431950366,-0.040661829360914226,-40.44101220955003,-39.98165469567387,-40.210863004312166,-39.519957926802995,-39.88313953742552,-0.03690576285252689
104,0.0,-0.2156463270389466,-0.006323978025243093,-0.1787277913446701,0.026331772505741924,4.174339265066552,-0.21454118458099458,0.01100690257111836,-40.51473155270545,-40.08454404108551,-40.2990852256665,-39.518140656037545,-39.90581624974084,9402.320785292191,0.9965908966679038,-0.036858530032191084,-40.52105553073069,-40.058212268579766,-40.288078323095384,-39.554999186069736,-39.94411846742335,-0.03830221768251363
105,0.0,-0.21225791662830318,-0.006474890713988657,-0.1856543593349187,0.026110114536763263,4.166993582101419,-0.21378423482181574,0.010911064798904135,-40.52373782702782,-40.097695675577704,-40.31147991039952,-39.5574914927501,-39.912041316242785,9470.221608353113,0.9662463342777201,-0.03086568645525034,-40.53021271774181,-40.07158556104094,-40.300568845600615,-39.58835717920535,-39.94919477820849,-0.037153461965708345
106,0.0,-0.20915422004866002,-0.006638303256991662,-0.192566972456099,0.025917301610675736,4.159293623047903,-0.21307519048376378,0.010818565594860274,-40.533509209617925,-40.1112797990855,-40.324354989569265,-39.594229174157704,-39.9187128266294,9536.544540613193,0.9392800354602215,-0.02517414893987535,-40.54014751287492,-40.085362497474826,-40.313536423974405,-39.61940332309758,-39.95477963800576,-0.03606681137635803
107,0.0,-0.20676303034381505,-0.006784261656925139,-0.19836488393303853,0.025776285719771863,4.152611755848944,-0.2125174134874328,0.010743370141433672,-40.54232416882767,-40.12304372499642,-40.335561138483854,-39.623354660755396,-39.92467884106338,9591.259931485327,0.9189695080722728,-0.020576169050428916,-40.549108430484594,-40.09726743927665,-40.32481776834242,-39.643930829805825,-39.95987620378487,-0.03519736272149032
108,0.0,-0.2026847388654005,-0.005974131763899493,-0.19064521157258696,0.02501445246121392,4.145714674980543,-0.21110607290804495,0.010698159809344077,-40.41348566267787,-39.999694850904426,-40.21080092381247,-39.57011723168398,-39.80904963933184,9644.97895210407,0.8433684309938911,-0.022141442104697262,-40.41945979444177,-39.97468039844321,-40.20010276400313,-39.59225867378868,-39.84308359768755,-0.03403395835571388
109,0.0,-0.19575177604906457,-0.004462315928769556,-0.1752822585390703,0.02367520462767203,4.136820854053075,-0.20859997057048218,0.010631151211399015,-40.20750983038144,-39.80315808376189,-40.011758054332375,-39.48465632894449,-39.62787582522282,9703.237933666427,0.7228535014369513,-0.025573486188427808,-40.21197214631021,-39.77948287913422,-40.001126903120976,-39.51022981513292,-39.66013773968472,-0.0322619144618983
110,0.0,-0.18558050441563978,-0.0022160581237571364,-0.153117914119278,0.021733374777660686,4.129080917145517,-0.20496569255131192,0.010533809398118876,-39.96042761236519,-39.569881415398235,-39.77484710794955,-39.39340305044904,-39.41676350127896,9757.413720097617,0.5670245619161491,-0.02957107475443621,-39.962643670488944,-39.548148040620575,-39.76431329855143,-39.422974125203474,-39.44655439477356,-0.029790893494599402
111,0.0,-0.17355506571269785,0.0006257132385698583,-0.12684388600411722,0.019397259807952594,4.121369912169346,-0.20059256138688397,0.010423846694273209,-39.71171311278483,-39.337565485685246,-39.53815804707213,-39.31252285251946,-39.21072159968113,9801.719667849962,0.39919026026537097,-0.03314347924020211,-39.71108739954626,-39.318168225877294,-39.52773420037786,-39.34566633175966,-39.23771773461032,-0.02699613492919184
112,0.0,-0.20575796824164883,-0.0012090967397924146,-0.15287925352019727,0.022457424544590765,4.113325518023976,-0.21059492685347436,0.010995421644032888,-39.954153268220274,-39.53780037312515,-39.748395299978625,-39.395085173992975,-39.384921119604954,9848.76493447593,0.5590680942272996,-0.028117158849880752,-39.95536236496007,-39.51534294858056,-39.73739987833459,-39.423202332842855,-39.41555812248018,-0.030637002875224084
113,0.0,-0.23196628104356876,-0.0026291739126662605,-0.17460500940441648,0.025045973722292558,4.103199390447376,-0.21924901014322984,0.011482039001528221,-40.20088656810317,-39.749671276916374,-39.9689202870596,-39.494975097197994,-39.57506626751196,9903.019787900623,0.7059114709051784,-0.023357512830337157,-40.20351574201584,-39.72462530319408,-39.957438248058075,-39.51833261002833,-39.608781679835424,-0.033715412323466865
114,0.0,-0.24741211956720122,-0.003427940845227795,-0.18739745261958518,0.02661010529154595,4.0941387851289095,-0.2246346995419728,0.011780366782957685,-40.37970290450881,-39.90765608539964,-40.13229078494161,-39.57807269101317,-39.72025863278005,9946.212409505739,0.8016302134956419,-0.020313781238726847,-40.38313084535404,-39.88104598010809,-40.12051041815865,-39.598386472251896,-39.75579879032872,-0.035540157548666684
115,0.0,-0.26074159873356706,-0.00408710683800706,-0.1981802490140936,0.027978978982034164,4.083271080435696,-0.22951718344403815,0.012047112231634571,-40.565668392323296,-40.07540961014569,-40.30492679358973,-39.674515922091594,-39.8772293611316,9994.418768144431,0.8911524702317024,-0.017653060681162458,-40.5697554991613,-40.04743063116366,-40.292879681358095,-39.692168982772756,-39.914308359799776,-0.03707899866817854
116,0.0,-0.25709721301464583,-0.003934898800302733,-0.19568799735924358,0.02757312264881051,4.071932843170023,-0.22847918946595058,0.012005262405089923,-40.49234356056242,-40.00676715808182,-40.23524634754777,-39.6427140360529,-39.81107916072258,10034.730911722056,0.8496295245095169,-0.01844584736831223,-40.49627845936272,-39.97919403543301,-40.22324108514268,-39.66115988342121,-39.847552800942644,-0.03647364022006627
117,0.0,-0.2491487913244299,-0.0036312501510380457,-0.19059561044809925,0.02674480152097658,4.061734059506263,-0.22591477305517316,0.011884934053441043,-40.36144714105185,-39.886383576672245,-40.11229834972742,-39.58447885235061,-39.695787966224145,10072.538662715351,0.7769682887012408,-0.019707055979615973,-40.365078391202886,-39.85963877515127,-40.10041341567398,-39.60418590833022,-39.73119821670262,-0.03541025047847768
118,0.0,-0.23839677085292976,-0.003272859178601095,-0.1844129449584102,0.025676001258652548,4.0499073874826,-0.22237960961479075,0.011713626300419833,-40.209769883431235,-39.748993502963515,-39.971373112578306,-39.5204473771639,-39.564580558005105,10106.730169176026,0.689322506267338,-0.021004516420447317,-40.21304274260984,-39.72331750170486,-39.959659486277886,-39.541451893584345,-39.59871047735471,-0.034129919349602744
119,0.0,-0.2233739268827506,-0.0028044960278066355,-0.17641138451732985,0.02423950946057829,4.03917174788938,-0.2174158438730842,0.011468218847994649,-40.02929199203043,-39.588502221274595,-39.80591806514768,-39.449762040476585,-39.412090836757265,10137.798045744863,0.5795299515538446,-0.022363931096016643,-40.03209648805824,-39.56426271181402,-39.794449846299685,-39.4721259715726,-39.444588327259474,-0.03249749050220885
120,0.0,-0.199395216278063,-0.002096771989812396,-0.16465964032589397,0.022050993642167782,4.027549142858305,-0.20956605345239154,0.011073174614523396,-39.791299562462136,-39.38233829273168,-39.59190434618407,-39.36598374061996,-39.21767865240579,10168.064742023955,0.425315821842176,-0.023935205888825806,-39.79339633445195,-39.360287299089514,-39.58083117156955,-39.389918946508786,-39.2478089371785,-0.03013028477271007
121,0.0,-0.15815111548553062,-0.0009509491016856941,-0.14666135889491727,0.018538604213411247,4.013413571661006,-0.19641355697356033,0.010396926992648048,-39.47092628091775,-39.11636160845866,-39.31277516543222,-39.269382227709336,-38.96970024956374,10195.391407175526,0.20154405320841562,-0.025705565118542495,-39.47187723001944,-39.09782300424525,-39.30237823843957,-39.29508779282788,-38.99625312273393,-0.026552873170189173
122,0.0,-0.17363161335300248,-0.0009346226888737874,-0.14958761841101875,0.019538935921090683,4.0016189272087,-0.20189352734796984,0.010691832775165722,-39.55829150024122,-39.182766359540246,-39.384659886888215,-39.30762363856138,-39.03317874112923,10214.702230359346,0.2506678616798368,-0.025699736183355526,-39.55922612293009,-39.163227423619155,-39.37396805411305,-39.33332337474474,-39.05997361496455,-0.026794873835321198
123,0.0,-0.21470880939699555,-0.0013773000851315942,-0.1605872560943169,0.022660981395439705,3.984593938412601,-0.21692606908199963,0.011483189642156333,-39.880917879833625,-39.44928300135463,-39.66620907043663,-39.44905707674461,-39.28869574526031,10241.16818099619,0.4318608030890161,-0.02591451470646433,-39.882295179918756,-39.42662201995919,-39.65472588079447,-39.47497159145107,-39.31707542617954,-0.0283796809192296
124,0.0,-0.22202609411229446,-0.00147205247662896,-0.16220979993064333,0.02324634401767156,3.971926854333115,-0.2200241387081192,0.011641931855933763,-39.96171181698232,-39.51966158416191,-39.73968572287003,-39.49391640107285,-39.357451784231266,10248.078938326677,0.46779541590947105,-0.026396882708198177,-39.96318386945895,-39.49641524014424,-39.728043791014095,-39.52031328378105,-39.38594036149234,-0.028488577261072123
125,0.0,-0.23100295889813083,-0.0015792961179883491,-0.16456015199051421,0.023973822411925028,3.9584119377066815,-0.2236661259589212,0.011829467618014178,-40.06132736457124,-39.60665827971419,-39.83032440567311,-39.54884915383777,-39.442098127723675,10258.765185248778,0.5124782107334696,-0.02667845976227312,-40.06290666068923,-39.582684457302264,-39.818494938055096,-39.575527613600045,-39.47083966020412,-0.028741532480445642
126,0.0,-0.23715682544155214,-0.001666140568268304,-0.1659585477059906,0.024485766621232585,3.939092342027521,-0.22642677487205276,0.011968958496986204,-40.146497768185824,-39.68291416787222,-39.90934094274427,-39.6019665539725,-39.51695562016623,10268.821948661584,0.5445312142133218,-0.02713748681043171,-40.14816390875409,-39.65842840125099,-39.897371984247286,-39.629104040782934,-39.54574198281924,-0.02878636265300827
127,0.0,-0.23711660244914157,-0.0016767656488099192,-0.16569727951814883,0.02448691112625312,3.9321117020938225,-0.22662145532251543,0.011977051833518715,-40.15590541635519,-39.69216735858353,-39.91878881390605,-39.61100366851803,-39.52647007906538,10269.510240264699,0.5449017478371587,-0.027406801680861292,-40.157582182004,-39.66768044745728,-39.90681176207253,-39.63841047019889,-39.55513691586404,-0.028666836798656448
128,0.0,-0.23521980075724258,-0.001675110218009479,-0.16466359208587988,0.024337951123548862,3.9226738837229806,-0.226255220725875,0.01195466661214084,-40.15115171363454,-39.68967669215142,-39.9159319128773,-39.61483378326665,-39.52501310006554,10267.527970273804,0.5363179303678933,-0.027907579691493822,-40.15282682385255,-39.665338741027874,-39.90397724626516,-39.64274136295814,-39.55339199729442,-0.0283788972288761
129,0.0,-0.23336567802542874,-0.001673265128978585,-0.16364639184172347,0.0241924130837603,3.9136339661949457,-0.2258985102992881,0.011932870957572561,-40.1464228337537,-39.68715864542898,-39.91305715572827,-39.61842186867796,-39.523512253587256,10265.465693952796,0.5280009650757336,-0.028401355688650654,-40.148096098882675,-39.66296623234522,-39.901124284770695,-39.646823224366614,-39.55160996527078,-0.02809771168352171
130,0.0,-0.23142094898202714,-0.001670214239666734,-0.16259131940186933,0.024039486329762383,3.9049217161686425,-0.22550939447061324,0.011909410179271163,-40.14060790179455,-39.68367755834191,-39.909186952812526,-39.62129642181307,-39.52108623894004,10263.113079501152,0.5193114799814822,-0.028903531840100527,-40.14227811603422,-39.65963807201215,-39.897277542633255,-39.65019995365317,-39.548898431862824,-0.02781219292278081
131,0.0,-0.22861757441625485,-0.001660336207379487,-0.16117488051960294,0.023817297710081675,3.896052604903834,-0.22485447269518488,0.011871657575866834,-40.127638775317806,-39.674166728206366,-39.89902120090155,-39.620980507330614,-39.51299184768676,10259.242349795237,0.5066582679871914,-0.029511678014308984,-40.129299111525185,-39.650349430496284,-39.887149543325684,-39.65049218534492,-39.5404470059342,-0.027455158247434497
132,0.0,-0.22507479302392142,-0.0016447393579426262,-0.15942706976555598,0.023536090186745184,3.887052206215559,-0.2239835888196282,0.011822187782414062,-40.10902284611499,-39.65996446427144,-39.88394805309107,-39.61826449407371,-39.50053739450588,10254.009178862043,0.4907583520412757,-0.030229581831832775,-40.11066758547293,-39.636428374084694,-39.872125865308654,-39.648494075905546,-39.52756890610132,-0.02703151159543893
133,0.0,-0.22075314459684847,-0.0016232122551471662,-0.15731439014018633,0.023193398335962456,3.8779211505189775,-0.22289635637966398,0.011760884375249248,-40.08494517778607,-39.641295676809555,-39.86419203318922,-39.61335025644979,-39.48398128666937,10247.330387821914,0.47159492133627623,-0.031077027944846236,-40.086568390041215,-39.61810227847359,-39.85243114881397,-39.64442728439464,-39.510515178275156,-0.02653389160578712
134,0.0,-0.21566160227086328,-0.0015959292950142867,-0.15482057164534524,0.02279081743398592,3.8686515562325776,-0.2216096996899637,0.011688545920250704,-40.05607799198407,-39.61880669002324,-39.840416389713205,-39.6066735330336,-39.463986118377896,10239.207199644614,0.4494044589504682,-0.032069974956705494,-40.05767392127908,-39.596015872589255,-39.828727843792954,-39.638743507990306,-39.489944454928775,-0.02595833655087887
135,0.0,-0.20976188152319253,-0.0015626114012619041,-0.15190874970704726,0.02232629137250086,3.859258190443436,-0.2201267728199383,0.011605231171849084,-40.022717131284566,-39.592828476941435,-39.81295524976137,-39.598487582232245,-39.44091972723439,10229.563794245036,0.42422954905232046,-0.03322972099739019,-40.02427974268583,-39.570502185568934,-39.801350018589524,-39.631717303229635,-39.466216984482124,-0.025297257247736127
136,0.0,-0.20322316227147752,-0.001524632061467912,-0.1486261176658914,0.021814196599876823,3.8497473760167087,-0.21851475382285201,0.011514452182957768,-39.98674434112696,-39.56500642503263,-39.78352117885548,-39.589711639063275,-39.41638030736674,10218.621658464313,0.397032702063683,-0.034554457980711106,-39.988268973188426,-39.54319222843275,-39.77200672667252,-39.624266097043986,-39.440940083154125,-0.024559775787388105
137,0.0,-0.19590174578341646,-0.001480806921307476,-0.1448847872834378,0.021244198826501304,3.840111575619328,-0.21674834638964313,0.011414720217217678,-39.94764430024023,-39.53499420806717,-39.75174255445681,-39.58023179006503,-39.39010942078373,10206.096551486466,0.3674125101751997,-0.03608245891974349,-39.949125107161535,-39.51375000924067,-39.740327834239594,-39.61631424898477,-39.413837996004304,-0.02372857522057359
138,0.0,-0.1986292504228757,-0.00163627974401237,-0.14582379093003084,0.02152205430574128,3.830372088851164,-0.2176793958796992,0.01145583996371613,-39.985705712598175,-39.5693970662956,-39.7870764621753,-39.595144169894944,-39.42357327536557,10192.171507237004,0.3905615427032316,-0.036605939265228926,-39.98734199234219,-39.54787501198986,-39.775620622211584,-39.63175010916017,-39.44760098249894,-0.024027707133370768
139,0.0,-0.2089941989121229,-0.001923723472408767,-0.15040824285528487,0.022444623352114945,3.8205178257693593,-0.22058959380262877,0.011600956406354612,-40.083934879376436,-39.654351086661684,-39.87494068046431,-39.629198921920626,-39.5039428438064,10176.674426020707,0.4547359574558101,-0.036154866233808036,-40.085858602848845,-39.63190646330957,-39.86333972405796,-39.665353788154434,-39.52917718368018,-0.02523433987378354
140,0.0,-0.21813087130482955,-0.0021681903754142695,-0.15440154622937285,0.0232654440476594,3.810586430823727,-0.22313795758769572,0.01172750512958487,-40.17586356383789,-39.73459473494537,-39.957732692533064,-39.66163652690106,-39.580193188715995,10159.818519443967,0.5142270369368305,-0.035678577033799286,-40.17803175421331,-39.71132929089771,-39.94600518740348,-39.69731510393486,-39.60653140102086,-0.026338212304864328
141,0.0,-0.2262584213633545,-0.002376884032543103,-0.1578767815214448,0.024000249997733647,3.800532004310424,-0.22538367595035425,0.011838559480693789,-40.262105959146886,-39.81046386183318,-40.03584753778353,-39.69239163804808,-39.65258708031173,10141.53966435036,0.5697143210988074,-0.035179801549539036,-40.26448284317943,-39.786463611835444,-40.02400897830284,-39.72757143959762,-39.67994083758666,-0.0273537572749305
142,0.0,-0.2334838188345998,-0.002553700497060163,-0.16086483625639403,0.024655770340324068,3.790408138900173,-0.22735582125030618,0.011935663997221013,-40.342394850492006,-39.8815552104071,-40.10891103165741,-39.72110293482158,-39.720690374150706,10121.958293829164,0.621291915670426,-0.03466535614530386,-40.344948550989066,-39.856899440066776,-40.096975367660185,-39.755768290966884,-39.74897494969452,-0.028284575543814583
143,0.0,-0.23999291242297005,-0.002704422722196398,-0.16344013296119897,0.025246898564958542,3.780204386552637,-0.2291035694060497,0.012021326924148923,-40.41751970984682,-39.9484232280178,-40.17752679742385,-39.747751818628615,-39.7849830950566,10100.92999702591,0.669767891218207,-0.034130412350009465,-40.42022413256902,-39.92317632945284,-40.1655054704997,-39.781882230978624,-39.814131493576376,-0.02914839851977291
144,0.0,-0.24582796104148485,-0.0028305925300102786,-0.16560639406083766,0.025775625466991414,3.7699329717885113,-0.23064198018878557,0.01209635540075027,-40.48697925827375,-40.01050931704348,-40.241151297232264,-39.77199251667971,-39.84490292298264,10078.704856771055,0.7149867415940392,-0.03358754548200693,-40.48980985080376,-39.98473369157649,-40.229054941831514,-39.80558006216172,-39.87484519750623,-0.02994227452359155
145,0.0,-0.2511160647452044,-0.00293601318627168,-0.1674158740650853,0.026252479312297794,3.7595966283121824,-0.23200493609775918,0.012162464070264889,-40.55130949867279,-40.06818849782983,-40.30019343392759,-39.79376220584486,-39.900772623764745,10055.211763986563,0.7575472928279368,-0.03303299076756616,-40.554245511859065,-40.04193601851753,-40.288030969857324,-39.82679519661242,-39.93145189584021,-0.030679272075467168
146,0.0,-0.25592032507186957,-0.0030226134462196796,-0.16889006187439293,0.026682278566966033,3.7492111862231257,-0.23321100909856796,0.01222060354203336,-40.61049511071112,-40.12136377654068,-40.35457478563925,-39.812867931009144,-39.95247371466629,10030.573518019963,0.7976271797019763,-0.03247055106788821,-40.61351772415734,-40.09468149797372,-40.34235418209722,-39.84533848207703,-39.98383714503904,-0.03136343037274969
147,0.0,-0.26034584358006896,-0.0030932772503931005,-0.17007288372219165,0.027074130777087646,3.7387799665110872,-0.23428714521145366,0.012272118495140205,-40.66512724075088,-40.170494251959354,-40.40478139717081,-39.82927707905756,-40.00042136823716,10004.64692666823,0.8358501616933154,-0.03189230842056645,-40.66822051800127,-40.14342012118227,-40.39250927867567,-39.86116938747813,-40.032429007193294,-0.03200763895613079
